ain naadja,his,2025-05-25T22:41:07.780701
ain naadja,his,2025-05-25T22:52:23.561926
,,2025-05-26T22:04:11.550027
ain naadja,his,2025-05-26T22:08:49.031813
ain naadja,his,2025-05-26T22:09:42.509350
ain naadja,his,2025-05-26T22:34:07.600465
ain naadja,his,2025-05-26T22:35:30.412892
ain naadja,his,2025-05-26T22:45:57.670306
ain naadja,his,2025-05-26T22:48:36.274919
ain naadja,his,2025-05-26T22:51:10.798305
ain naadja,his,2025-05-26T22:52:19.616271
ain naadja,his,2025-05-26T22:54:34.615668
ain naadja,his,2025-05-27T20:38:25.943731
ain naadja,his,2025-05-27T20:58:32.568563
,,2025-05-27T20:58:38.401861
ain naadja,his,2025-05-27T21:00:33.577566
,,2025-05-27T21:00:40.607446
ain naadja,his,2025-05-27T21:09:31.598469
dsfg,fgssd,2025-05-27T21:14:02.601650
ain naadja,his,2025-05-27T21:15:41.861854
'-j√®,ytrj,2025-05-27T21:17:11.086575
dsfvg,gsdgdfs,2025-05-27T21:18:18.880296
dsg,dsgf,2025-05-27T21:46:48.349045
ds,gfsd,2025-05-27T21:47:39.615088
jdj,gjf,2025-05-27T21:49:00.930554
dfgqsdf,dffds,2025-05-28T12:27:06.985006
fdehg,gs,2025-05-28T12:37:58.072807
,,2025-05-28T12:39:37.693276
,,2025-05-28T12:41:53.052265
,,2025-05-28T12:43:14.218670
,,2025-05-28T12:48:01.598477
,,2025-05-28T12:51:33.010971
,,2025-05-28T12:52:51.000214
xcg,fdgh,2025-05-29T20:46:29.195954
dfhg,hdf,2025-05-29T20:57:24.102106
grs,gsd,2025-05-29T20:58:36.039622
fhdg,fdhg,2025-05-29T21:01:02.081912
,,2025-05-29T21:01:09.994529
cvfn h,hfdc,2025-05-29T21:02:04.381439
dfsggsd,gsg,2025-05-29T21:04:10.853427
,,2025-05-29T21:06:26.612294
,,2025-05-29T21:08:37.253747
,,2025-05-29T21:09:12.750604
,,2025-05-29T21:11:40.691996
,,2025-05-29T21:28:03.145486
,,2025-05-29T21:30:27.037381
,,2025-05-29T21:33:01.364998
,,2025-05-29T21:35:43.449238
ain naadja,bordj el kiffan,2025-05-30T10:47:35.724602
ain naadja,bordj el kiffan,2025-05-30T10:49:36.416952
ain naadja,bordj el kiffan,2025-05-30T10:50:55.653288
ain naadja,bordj el kiffan,2025-05-30T11:18:30.764022
ain naadja,bordj el kiffan,2025-05-30T11:22:53.513584
ain naadja,bordj el kiffan,2025-05-30T19:52:00.408685
ain naadja,bordj el kiffan,2025-05-30T20:00:24.962849
ain naadja,bordj el kiffan,2025-05-30T20:02:08.907917
ain naadja,bordj el kiffan,2025-05-31T18:36:00.224555
belouizdad,kouba,2025-05-31T18:36:24.357892
Belouizdad,Kouba,2025-05-31T18:36:50.222882
Belouizdad,Hydra,2025-05-31T18:37:03.653609
Ain naadja,HIS University,2025-05-31T18:37:21.708280
Ain naadja,Bordj el kiffan,2025-05-31T18:37:58.026900
ain naadja,bordj el kiffan,2025-05-31T18:42:16.454253
ain naadja,bordj el kiffan,2025-05-31T18:50:07.914260
ain naadja,bordj el kiffan,2025-05-31T18:58:51.770266
ain naadja,bordj el kiffan,2025-05-31T20:20:31.876297
Ain naadja,Bordj el kiffan,2025-05-31T20:21:52.862290
Ain naadja,Bordj el kiffan,2025-05-31T20:24:43.106808
ain naadja,Bordj el kiffan,2025-05-31T20:30:33.320894
ain naadja,Bordj el kiffan,2025-05-31T20:45:51.852874
ain naadja,bordj el kiffan,2025-05-31T20:48:18.816070
ain naadja,bordj el kiffan,2025-05-31T20:54:01.871733
ain naadja,bordj el kiffan,2025-05-31T20:54:31.607863
ain naadja,bordj el kiffan,2025-05-31T20:56:02.990309
ain naadja,bordj el kiffan,2025-05-31T20:56:39.691224
ain naadja,bordj el kiffan,2025-05-31T20:57:02.152450
ain naadja,bordj el kiffan,2025-05-31T20:59:07.348143
ain naadja,bordj el kiffan,2025-05-31T21:00:54.471356
ain naadja,bordj el kiffan,2025-05-31T21:05:47.402747
ain naadja,bordj el kiffan,2025-05-31T21:06:50.938445
ain naadja,bordj el kiffan,2025-05-31T21:08:42.353366
ain naadja,bordj el kiffan,2025-05-31T21:12:31.754598
ain naadja,bordj el kiffan,2025-06-01T20:26:21.874472
ain naadja,bordj el kiffan,2025-06-01T20:26:58.499756
ain naadja,bordj el kiffan,2025-06-01T20:27:12.292076
ain naadja,bordj el kiffan,2025-06-01T20:47:26.742128
ain naadja,bordj el kiffan,2025-06-01T21:32:03.158663
ain naadja,bordj el kiffan,2025-06-01T21:34:20.296276
ain naadja,bordj el kiffan,2025-06-01T21:39:42.609801
ain naadja,bordj el kiffan,2025-06-01T21:53:44.264093
ain naadja,bordj el kiffan,2025-06-01T21:54:22.443912
ain naadja,bordj el kiffan,2025-06-01T21:54:41.833157
ain naadja,bordj el kiffan,2025-06-01T23:57:32.637659
ain naadja,bordj el kiffan,2025-06-01T23:58:08.035357
ain naadja,bordj el kiffan,2025-06-01T23:58:29.280046
ain naadja,bordj el kiffan,2025-06-02T09:37:27.505502
ain naadja,bordj el kiffan,2025-06-02T10:49:11.629349
ain naadja,bordj el kiffan,2025-06-02T10:49:43.260928
ain naadja,bordj el kiffan,2025-06-02T10:50:32.546484
